step,energy
0,-55.60389
1,-91.49481
2,-20.94146
3,-22.814089
4,-1.2846594
5,-16.000866
6,17.11671
7,18.910679
8,45.983604
9,40.625618
