step,energy
0,-1.4545102
1,-2.198985
2,-1.3569314
3,-1.1477482
4,0.367702
5,1.8557403
6,0.49963665
7,0.904294
8,1.1655425
9,1.8659126
