block,energy
0,-4.115782996801123
1,-4.102958066230791
