block,energy
0,-15.538958759342018
1,-11.306356247741062
