step,energy
0,-50.68203
1,-27.503813
2,-49.029434
3,-8.880173
4,-16.860674
5,-13.664355
6,-10.253187
7,-11.096779
8,-6.1120768
9,-5.3994093
