step,energy
0,-18.87245848186842
1,-14.81403934142812
2,-29.42810469480213
3,-12.840813234650343
4,-13.798667986288706
5,-9.076998314269101
6,-9.626814166828133
7,-7393.779069485979
8,-6.046196633492323
9,-8.370641177281199
