step,energy
0,-12.86513
1,-22.618834
2,-14.856418
3,-16.428295
4,-11.505842
5,-9.609683
6,-8.094997
7,-6.842934
8,-9.273729
9,-9.468692
