step,energy
0,-734.3497
1,121.66701
2,-69.57798
3,-41.61505
4,-52.542625
5,4466.6743
6,-29.703346
7,-15.570993
8,-43.12528
9,-29.430246
